selector_name,method_name,feature_num,CV_train_score_mean,CV_train_score_std,CV_test_score_mean,CV_test_score_mean,CM_true_adult,CM_false_infant,CM_false_adult,CM_true_infant,selection_time,x0,x1,x2,x3,x4,x5,x6,x7,x8,x9,x10,x11,x12,x13,x14,x15,x16,x17,x18,x19,x20,x21,x22,x23,x24,x25,x26,x27,x28,x29,x30,x31,x32,x33,x34,x35,x36,x37,x38,x39,x40,x41,x42,x43,x44,x45,x46,x47,x48,x49,x50,x51,x52,x53,x54,x55,x56,x57,x58,x59,x60,x61,x62,x63,x64,x65,x66,x67,y0,y1,y2,y3,y4,y5,y6,y7,y8,y9,y10,y11,y12,y13,y14,y15,y16,y17,y18,y19,y20,y21,y22,y23,y24,y25,y26,y27,y28,y29,y30,y31,y32,y33,y34,y35,y36,y37,y38,y39,y40,y41,y42,y43,y44,y45,y46,y47,y48,y49,y50,y51,y52,y53,y54,y55,y56,y57,y58,y59,y60,y61,y62,y63,y64,y65,y66,y67
all_features_num_59,all_features,59,0.9463147688488986,0.002534888752793329,0.9381444582814445,0.028518753356343306,667,22,46,364,0,False,False,False,True,False,False,True,True,True,True,False,False,True,False,False,False,False,False,True,False,False,True,True,True,False,False,True,True,True,False,True,True,False,False,False,True,False,False,False,False,False,False,False,False,False,True,False,False,True,True,True,True,True,True,False,True,True,False,True,True,False,True,True,True,True,True,True,True,False,True,False,False,False,False,False,True,True,True,False,False,False,False,False,True,False,True,False,True,False,False,False,False,True,False,False,True,True,True,True,True,False,False,False,True,False,False,False,False,True,False,False,False,False,False,False,False,False,True,True,False,False,True,False,True,True,False,False,True,True,True,False,False,True,True,False,False
f_classif_num_2,f_classif,2,0.7834401179025753,0.00994519996287516,0.7834661685346617,0.030202950335608464,673,16,222,188,0.0010018348693847656,False,False,False,False,False,False,False,False,False,False,False,False,False,False,False,False,False,False,False,False,False,False,False,False,False,False,False,False,False,False,False,False,False,False,False,False,False,False,False,False,False,False,False,False,False,False,False,False,False,False,False,False,False,False,False,False,False,False,False,False,False,False,False,False,False,False,False,False,False,False,False,False,False,False,False,False,False,False,False,False,False,False,False,False,False,False,False,False,False,False,False,False,False,False,False,False,False,False,False,False,False,False,False,True,False,False,False,False,False,False,False,False,False,False,False,False,False,False,False,False,False,False,False,False,False,False,False,False,True,False,False,False,False,False,False,False
mutual_info_classif_num_2,mutual_info_classif,2,0.7570539869686627,0.01452473840099434,0.7570859277708593,0.05400419797921946,685,4,263,147,0.22999930381774902,False,False,False,False,False,False,False,False,False,False,False,False,False,False,False,False,False,False,False,False,False,False,False,False,False,False,False,False,False,False,False,False,False,False,False,False,False,False,False,False,False,False,False,False,False,False,False,False,False,False,False,False,False,False,False,False,False,False,False,False,False,False,False,False,False,False,False,False,False,False,False,False,False,False,False,False,False,False,False,False,False,False,False,False,False,False,False,False,False,False,False,False,False,False,False,False,True,False,False,False,False,False,False,False,False,False,False,False,False,False,False,False,False,False,False,False,False,False,False,False,False,True,False,False,False,False,False,False,False,False,False,False,False,False,False,False
sequential_feature_selector_num_2,sequential_feature_selector,2,0.8077810528493122,0.00801307566561253,0.8080282274802822,0.029949389651110055,656,33,178,232,4.514141082763672,False,False,False,False,False,False,False,False,False,False,False,False,False,False,False,False,False,False,False,False,False,False,False,False,False,False,False,False,False,False,False,False,False,False,False,False,False,False,False,False,False,False,False,False,False,False,False,False,False,False,False,False,False,False,False,False,False,False,False,False,False,False,False,False,False,False,False,False,False,False,False,False,False,False,False,False,False,False,False,False,False,False,False,False,False,False,False,False,False,False,False,False,False,False,False,False,False,False,False,False,False,False,False,False,False,False,False,False,False,False,False,False,False,False,False,False,False,False,False,False,False,False,False,False,False,False,False,False,True,False,False,False,True,False,False,False
rfe_num_2,rfe,2,0.8077810528493122,0.00801307566561253,0.8080282274802822,0.029949389651110055,656,33,178,232,0.2759983539581299,False,False,False,False,False,False,False,False,False,False,False,False,False,False,False,False,False,False,False,False,False,False,False,False,False,False,False,False,False,False,False,False,False,False,False,False,False,False,False,False,False,False,False,False,False,False,False,False,False,False,False,False,False,False,False,False,False,False,False,False,False,False,False,False,False,False,False,False,False,False,False,False,False,False,False,False,False,False,False,False,False,False,False,False,False,False,False,False,False,False,False,False,False,False,False,False,False,False,False,False,False,False,False,False,False,False,False,False,False,False,False,False,False,False,False,False,False,False,False,False,False,False,False,False,False,False,False,False,True,False,False,False,True,False,False,False
lasso_regularization_num_2,lasso_regularization,2,0.6731148515875478,0.01312413422400383,0.6706226650062266,0.018975511488318032,685,4,358,52,0.06699967384338379,False,False,False,False,False,False,False,False,False,False,False,False,False,False,False,False,False,False,False,False,False,True,True,False,False,False,False,False,False,False,False,False,False,False,False,False,False,False,False,False,False,False,False,False,False,False,False,False,False,False,False,False,False,False,False,False,False,False,False,False,False,False,False,False,False,False,False,False,False,False,False,False,False,False,False,False,False,False,False,False,False,False,False,False,False,False,False,False,False,False,False,False,False,False,False,False,False,False,False,False,False,False,False,False,False,False,False,False,False,False,False,False,False,False,False,False,False,False,False,False,False,False,False,False,False,False,False,False,False,False,False,False,False,False,False,False
random_forest_classifier_num_2,random_forest_classifier,2,0.6963142517323405,0.013221086031459578,0.6942673308426733,0.0247927361292465,687,2,334,76,0.3705751895904541,False,False,False,False,False,False,False,False,False,False,False,False,False,False,False,False,False,False,False,False,False,False,False,False,False,False,False,False,False,False,False,False,False,False,False,False,False,False,False,False,False,False,False,False,False,False,False,False,False,False,False,False,False,False,False,False,False,False,False,False,False,False,False,False,False,False,False,False,False,False,False,False,False,False,False,False,False,False,False,False,False,False,False,False,False,False,False,False,False,False,False,False,False,False,False,False,True,False,False,False,False,False,False,True,False,False,False,False,False,False,False,False,False,False,False,False,False,False,False,False,False,False,False,False,False,False,False,False,False,False,False,False,False,False,False,False
f_classif_num_3,f_classif,3,0.814377908780639,0.009395092032566612,0.8107596513075965,0.03273866731397737,656,33,175,235,0.0009982585906982422,False,False,False,False,False,False,False,False,False,False,False,False,False,False,False,False,False,False,False,False,False,False,False,False,False,False,False,False,False,False,False,False,False,False,False,False,False,False,False,False,False,False,False,False,False,False,False,False,False,False,False,False,False,False,False,False,False,False,False,False,False,False,False,False,False,False,False,False,False,False,False,False,False,False,False,False,False,False,False,False,False,False,False,False,False,False,False,False,False,False,False,False,False,False,False,False,False,False,False,False,False,False,False,True,False,False,False,False,False,False,False,False,False,False,False,False,False,False,False,False,False,False,False,False,False,False,False,False,True,False,False,False,True,False,False,False
mutual_info_classif_num_3,mutual_info_classif,3,0.8198373668424862,0.01322349658773197,0.817139892071399,0.05279074289282376,668,21,180,230,0.22600197792053223,False,False,False,False,False,False,False,False,False,False,False,False,False,False,False,False,False,False,False,False,False,False,False,False,False,False,False,False,False,False,False,False,False,False,False,False,False,False,False,False,False,False,False,False,False,False,False,False,False,False,False,False,False,False,False,False,False,False,False,False,False,False,False,False,False,False,False,False,False,False,False,False,False,False,False,False,False,False,False,False,False,False,False,False,False,False,False,False,False,False,False,False,False,False,False,False,True,False,False,False,False,False,False,False,False,False,False,False,False,False,False,False,False,False,False,False,False,False,False,False,False,True,False,False,False,False,False,False,True,False,False,False,False,False,False,False
sequential_feature_selector_num_3,sequential_feature_selector,3,0.8362149653531906,0.007541077717358437,0.8371357409713575,0.024727801560390176,670,19,160,250,2.0129997730255127,False,False,False,False,False,False,False,False,False,False,False,False,False,False,False,False,False,False,False,False,False,False,False,False,False,False,False,False,False,False,False,False,False,False,False,False,False,False,False,False,False,False,False,False,False,False,False,False,False,False,False,False,False,False,False,False,False,False,False,False,False,False,False,False,False,False,False,False,False,False,False,False,False,False,False,True,False,False,False,False,False,False,False,False,False,False,False,False,False,False,False,False,False,False,False,False,False,False,False,False,False,False,False,False,False,False,False,False,False,False,False,False,False,False,False,False,False,False,False,False,False,False,False,False,False,False,False,False,True,False,False,False,True,False,False,False
rfe_num_3,rfe,3,0.8202921708553108,0.011428260068903526,0.8225861353258613,0.04734551960781545,655,34,161,249,0.2740035057067871,False,False,False,False,False,False,False,False,False,False,False,False,False,False,False,False,False,False,False,False,False,False,False,False,False,False,False,False,False,False,False,False,False,False,False,False,False,False,False,False,False,False,False,False,False,False,False,False,False,False,False,False,False,False,False,False,False,False,False,False,False,False,False,False,False,False,False,False,False,False,False,False,False,False,False,False,False,False,False,False,False,False,False,False,False,False,False,False,False,False,False,False,False,False,False,True,False,False,False,False,False,False,False,False,False,False,False,False,False,False,False,False,False,False,False,False,False,False,False,False,False,False,False,False,False,False,False,False,True,False,False,False,True,False,False,False
lasso_regularization_num_3,lasso_regularization,3,0.8423575343882511,0.0045541385147924015,0.8362557077625571,0.026786332906862102,678,11,169,241,0.07000970840454102,False,False,False,False,False,False,False,False,False,False,False,False,False,False,False,False,False,False,False,False,False,True,True,False,False,False,False,False,False,False,False,False,False,False,False,False,False,False,False,False,False,False,False,False,False,False,False,False,False,False,False,False,False,False,False,False,False,False,False,False,False,False,False,False,False,False,False,False,False,False,False,False,False,False,False,False,False,False,False,False,False,False,False,False,False,False,False,False,False,False,False,False,False,False,False,False,False,False,False,False,False,False,False,False,False,False,False,False,False,False,False,False,False,False,False,False,False,False,False,False,False,False,False,False,False,False,False,False,True,False,False,False,False,False,False,False
random_forest_classifier_num_3,random_forest_classifier,3,0.8118760988726859,0.013175717336493847,0.8089497716894977,0.04944047527406368,670,19,191,219,0.20199990272521973,False,False,False,False,False,False,False,False,False,False,False,False,False,False,False,False,False,False,False,False,False,False,False,False,False,False,False,False,False,False,False,False,False,False,False,False,False,False,False,False,False,False,False,False,False,False,False,False,False,False,False,False,False,False,False,False,False,False,False,False,False,False,False,False,False,False,False,False,False,False,False,False,False,False,False,False,False,False,False,False,False,False,False,False,False,False,False,False,False,False,False,False,False,False,False,False,True,False,False,False,False,False,False,True,False,False,False,False,False,False,False,False,False,False,False,False,False,False,False,False,False,False,False,False,False,False,False,False,True,False,False,False,False,False,False,False
f_classif_num_5,f_classif,5,0.8400827386492915,0.010151423679081856,0.8407762557077625,0.038308252148983396,661,28,147,263,0.0010001659393310547,False,False,False,False,False,False,False,False,False,False,False,False,False,False,False,False,False,False,False,False,False,False,False,False,False,False,False,False,False,False,False,False,False,False,False,False,False,False,False,False,False,False,False,False,False,False,False,False,False,False,False,False,False,False,False,False,False,False,False,False,False,False,False,False,False,False,False,False,False,False,False,False,False,False,False,False,False,False,False,False,False,False,False,False,False,False,False,False,False,False,False,False,False,False,False,False,True,False,False,False,False,False,False,True,False,False,False,False,False,False,False,False,False,False,False,False,False,True,False,False,False,False,False,False,False,False,False,False,True,False,False,False,True,False,False,False
mutual_info_classif_num_5,mutual_info_classif,5,0.8341684765746198,0.011968571969936505,0.8335159817351597,0.04746469948298073,667,22,161,249,0.23409652709960938,False,False,False,False,False,False,False,False,False,False,False,False,False,False,False,False,False,False,False,False,False,False,False,False,False,False,False,False,False,False,False,False,False,False,False,False,False,False,False,False,False,False,False,False,False,False,False,False,False,False,False,False,False,False,False,False,False,False,False,False,False,False,False,False,False,False,False,False,False,False,False,False,False,False,False,False,False,False,False,False,False,False,False,False,False,False,False,False,False,False,False,False,False,False,False,False,True,False,False,True,False,False,False,False,False,False,False,False,False,False,False,False,False,False,False,False,False,True,False,False,False,True,False,False,False,False,False,False,True,False,False,False,False,False,False,False
sequential_feature_selector_num_5,sequential_feature_selector,5,0.8616914882614541,0.008300680572992896,0.8626193441261935,0.03460604826718417,671,18,133,277,2.7365763187408447,False,False,False,False,False,False,False,False,False,False,False,False,False,False,False,False,False,False,False,False,False,False,False,False,False,False,False,False,False,False,False,False,False,False,False,False,False,False,False,False,False,False,False,False,False,False,False,False,False,False,False,False,False,False,False,False,False,False,False,False,False,False,False,False,False,False,False,False,False,False,False,False,False,False,False,True,False,False,False,False,False,False,False,False,False,False,False,False,False,False,False,False,False,False,False,False,True,False,False,False,False,False,False,False,False,False,False,False,False,False,False,False,False,False,False,False,False,True,False,False,False,False,False,False,False,False,False,False,True,False,False,False,True,False,False,False
rfe_num_5,rfe,5,0.8589629227427862,0.012480376726105528,0.857164798671648,0.0488685656730367,657,32,125,285,0.27211761474609375,False,False,False,False,False,False,False,False,False,False,False,False,False,False,False,False,False,False,False,False,False,False,False,False,False,False,False,False,False,False,False,False,False,False,False,False,False,False,False,False,False,False,False,False,False,False,False,False,False,False,False,False,False,False,False,False,False,False,False,False,False,False,False,False,False,False,False,False,False,False,False,False,False,False,False,True,False,False,False,False,False,False,False,False,False,False,False,False,False,False,False,False,False,False,False,True,False,False,False,False,False,False,False,False,False,False,False,False,True,False,False,False,False,False,False,False,False,False,False,False,False,False,False,False,False,False,False,False,True,False,False,False,True,False,False,False
lasso_regularization_num_5,lasso_regularization,5,0.8657867928431069,0.004992226458971621,0.8589622249896223,0.01378944824928815,684,5,150,260,0.06722640991210938,False,False,False,False,False,False,False,False,False,False,False,False,False,False,False,False,False,False,False,False,False,True,True,False,False,False,True,False,False,False,False,False,False,False,False,False,False,False,False,False,False,False,False,False,False,False,False,False,False,False,False,False,False,False,False,False,False,False,False,False,False,False,False,False,False,False,False,False,False,False,False,False,False,False,False,True,False,False,False,False,False,False,False,False,False,False,False,False,False,False,False,False,False,False,False,False,False,False,False,False,False,False,False,False,False,False,False,False,False,False,False,False,False,False,False,False,False,False,False,False,False,False,False,False,False,False,False,False,True,False,False,False,False,False,False,False
random_forest_classifier_num_5,random_forest_classifier,5,0.8307568000827388,0.012025203106522385,0.830780406807804,0.047458584752733506,659,30,156,254,0.2645585536956787,False,False,False,False,False,False,False,False,False,False,False,False,False,False,False,False,False,False,False,False,False,False,False,False,False,False,False,False,False,False,False,False,False,False,False,False,False,False,False,False,False,False,False,False,False,False,False,False,False,False,False,False,False,False,False,False,False,False,False,False,False,False,False,False,False,False,False,False,False,False,False,False,False,False,False,False,False,False,False,False,False,False,False,False,False,False,False,False,False,False,False,False,False,False,False,False,True,False,False,True,False,False,False,True,False,False,False,False,False,False,False,False,False,False,False,False,False,False,False,False,False,False,False,False,False,False,False,False,True,False,False,False,True,False,False,False
f_classif_num_10,f_classif,10,0.8419027303754266,0.01215452795410125,0.8389663760896637,0.047226181636823884,642,47,130,280,0.0019991397857666016,False,False,False,False,False,False,False,False,False,False,False,False,False,False,False,False,False,False,False,False,False,False,False,False,False,False,False,False,False,False,False,False,False,False,False,False,False,False,False,False,False,False,False,False,False,False,False,False,False,False,False,False,False,False,False,False,False,False,False,False,False,False,False,False,False,False,False,False,False,False,False,False,False,False,False,False,False,False,False,False,False,False,False,False,False,False,False,False,False,False,False,False,False,False,False,True,True,False,False,True,False,False,False,True,False,False,False,False,True,False,False,False,False,False,False,False,False,True,False,False,False,True,False,False,False,False,False,False,True,True,False,False,True,False,False,False
mutual_info_classif_num_10,mutual_info_classif,10,0.8419027303754266,0.01215452795410125,0.8389663760896637,0.047226181636823884,642,47,130,280,0.23354029655456543,False,False,False,False,False,False,False,False,False,False,False,False,False,False,False,False,False,False,False,False,False,False,False,False,False,False,False,False,False,False,False,False,False,False,False,False,False,False,False,False,False,False,False,False,False,False,False,False,False,False,False,False,False,False,False,False,False,False,False,False,False,False,False,False,False,False,False,False,False,False,False,False,False,False,False,False,False,False,False,False,False,False,False,False,False,False,False,False,False,False,False,False,False,False,False,True,True,False,False,True,False,False,False,True,False,False,False,False,True,False,False,False,False,False,False,False,False,True,False,False,False,True,False,False,False,False,False,False,True,True,False,False,True,False,False,False
sequential_feature_selector_num_10,sequential_feature_selector,10,0.9335756024407902,0.005272266654530209,0.9299584889995849,0.023593362750048693,674,15,62,348,5.459486246109009,False,False,False,False,False,False,False,False,False,False,False,False,False,False,False,False,False,False,False,False,False,True,True,False,False,False,True,False,False,False,False,False,False,False,False,False,False,False,False,False,False,False,False,False,False,False,False,False,False,False,False,False,False,False,False,False,False,False,False,False,False,False,False,False,False,False,False,False,False,False,False,False,False,False,False,True,False,True,False,False,False,False,False,False,False,False,False,False,False,False,False,False,False,False,False,False,True,False,False,False,False,False,False,False,False,False,False,False,True,False,False,False,False,False,False,False,False,True,False,False,False,False,False,False,False,False,False,False,True,False,False,False,True,False,False,False
rfe_num_10,rfe,10,0.910601147998759,0.00403073967282854,0.9044873391448733,0.032083844970242456,664,25,80,330,0.2603797912597656,False,False,False,False,False,False,False,False,False,False,False,False,False,False,False,False,False,False,False,False,False,True,True,False,False,False,False,False,False,False,False,False,False,False,False,False,False,False,False,False,False,False,False,False,False,False,False,False,False,False,False,False,False,False,False,False,False,False,False,False,False,False,False,False,False,False,False,False,False,False,False,False,False,False,False,True,False,False,False,False,False,False,False,False,False,False,False,False,False,False,False,False,False,False,False,True,True,False,False,False,False,False,False,False,False,False,False,False,True,False,False,False,False,False,False,False,False,True,False,False,False,False,False,True,False,False,False,False,True,False,False,False,True,False,False,False
lasso_regularization_num_10,lasso_regularization,10,0.9131003723239217,0.007453794357960488,0.9044665836446658,0.038120025192062014,677,12,93,317,0.06735563278198242,False,False,False,False,False,False,False,False,False,True,False,False,False,False,False,False,False,False,True,False,False,True,True,False,False,False,True,False,False,False,False,False,False,False,False,False,False,False,False,False,False,False,False,False,False,False,False,False,False,False,False,False,False,False,False,False,False,False,False,False,False,False,False,False,False,False,False,False,False,False,False,False,False,False,False,True,False,False,False,False,False,False,False,False,False,False,False,False,False,False,False,False,False,False,False,False,True,False,False,False,False,False,False,False,False,False,False,False,False,False,False,False,False,False,False,False,False,False,False,False,False,False,False,False,False,False,False,False,True,False,False,False,True,True,False,False
random_forest_classifier_num_10,random_forest_classifier,10,0.8623777019340159,0.010285798330235126,0.860821917808219,0.0402146235935377,650,39,114,296,0.34908294677734375,False,False,False,False,False,False,False,False,False,False,False,False,False,False,False,False,False,False,False,False,False,False,True,False,False,False,False,False,False,False,False,False,False,False,False,False,False,False,False,False,False,False,False,False,False,False,False,False,False,False,False,False,False,False,False,False,False,False,False,False,False,False,False,False,False,False,False,False,False,False,False,False,False,False,False,False,False,False,False,False,False,False,False,False,False,False,False,False,False,False,False,False,False,False,False,False,True,False,False,True,False,False,False,True,False,False,False,False,False,False,False,False,False,False,False,False,False,True,False,False,False,True,False,False,False,False,False,False,True,True,False,False,True,True,False,False
f_classif_num_15,f_classif,15,0.847134657151722,0.00839233628784112,0.8407845579078457,0.03571264731779333,643,46,129,281,0.002001047134399414,False,False,False,False,False,False,False,False,False,False,False,False,False,False,False,False,False,False,False,False,False,False,False,False,False,False,False,False,False,False,False,False,False,False,False,False,False,False,False,False,False,False,False,False,False,False,False,False,False,False,False,False,False,False,False,False,False,False,False,False,False,False,False,False,False,False,False,False,False,False,False,False,False,False,False,False,False,False,False,False,False,False,False,False,False,False,False,False,False,False,False,False,False,False,False,True,True,False,False,True,False,False,False,True,False,False,False,False,True,False,False,False,False,False,False,False,False,True,True,False,False,True,False,True,True,False,False,True,True,True,False,False,True,True,False,False
mutual_info_classif_num_15,mutual_info_classif,15,0.8544135898231462,0.006622422063447628,0.85079701120797,0.03458024700651238,643,46,118,292,0.23158693313598633,False,False,False,False,False,False,False,False,False,False,False,False,False,False,False,False,False,False,False,False,False,False,True,False,False,False,False,False,False,False,False,False,False,False,False,False,False,False,False,False,False,False,False,False,False,False,False,False,False,False,False,False,False,False,False,False,False,False,False,False,False,False,False,False,False,False,False,False,False,False,False,False,False,False,False,False,False,False,False,False,False,False,False,False,False,False,False,False,False,False,False,False,False,False,False,True,True,False,False,True,False,False,False,True,False,False,False,False,True,False,False,False,False,False,False,False,False,True,False,False,False,True,False,True,True,False,False,True,True,True,False,False,True,True,False,False
sequential_feature_selector_num_15,sequential_feature_selector,15,0.9485890474712999,0.002218687311820243,0.9481486093814862,0.020424489605643727,678,11,46,364,7.992478609085083,False,False,False,False,False,False,False,False,False,False,False,False,False,False,False,False,False,False,True,False,False,True,True,True,False,False,True,False,False,False,False,False,False,False,False,False,False,False,False,False,False,False,False,False,False,False,False,False,False,True,True,False,True,False,False,False,False,False,False,False,False,False,False,False,False,False,False,False,False,False,False,False,False,False,False,True,False,True,False,False,False,False,False,False,False,False,False,False,False,False,False,False,False,False,False,False,True,False,False,False,False,False,False,False,False,False,False,False,True,False,False,False,False,False,False,False,False,True,False,False,False,False,False,False,False,False,False,False,True,False,False,False,True,False,False,False
rfe_num_15,rfe,15,0.9290270451959872,0.004901709229642465,0.9244873391448735,0.03442988138757177,669,20,63,347,0.2350308895111084,False,False,False,False,False,False,False,False,False,False,False,False,False,False,False,False,False,False,True,False,False,True,True,False,False,False,True,False,False,False,False,False,False,False,False,False,False,False,False,False,False,False,False,False,False,False,False,False,False,False,False,False,False,False,False,False,False,False,False,False,False,False,False,False,False,False,False,False,False,False,False,False,False,False,False,True,False,True,False,False,False,False,False,False,False,False,False,False,False,False,False,False,False,False,False,True,True,False,False,False,False,False,False,False,False,False,False,False,True,False,False,False,False,False,False,False,False,True,False,False,False,True,False,True,False,False,False,False,True,False,False,False,True,True,False,False
lasso_regularization_num_15,lasso_regularization,15,0.9417638845795843,0.0053686252079429495,0.9363304275633043,0.024860163574129138,673,16,54,356,0.06781506538391113,False,False,False,False,False,False,False,True,False,True,False,False,False,False,False,False,False,False,True,False,False,True,True,False,False,False,True,False,False,False,False,False,False,False,False,False,False,False,False,False,False,False,False,False,False,False,False,False,False,False,False,False,False,False,False,False,False,False,False,False,False,False,False,False,False,False,False,False,False,True,False,False,False,False,False,True,False,True,False,False,False,False,False,False,False,False,False,False,False,False,False,False,False,False,False,False,True,False,False,False,False,False,False,False,False,False,False,False,True,False,False,False,False,False,False,False,False,True,False,False,False,False,False,False,False,False,False,False,True,False,False,False,True,True,False,False
random_forest_classifier_num_15,random_forest_classifier,15,0.9028674113145103,0.006236753703421727,0.8972146118721461,0.040355021907527294,664,25,88,322,0.1904768943786621,False,False,False,False,False,False,False,False,False,False,False,False,False,False,False,False,False,False,False,False,False,True,True,False,False,False,False,False,False,False,False,False,False,False,False,False,False,False,False,False,False,False,False,False,False,False,False,False,False,False,False,False,False,False,False,False,False,False,False,False,False,False,False,False,False,False,False,False,False,False,False,False,False,False,False,False,False,True,False,False,False,False,False,False,False,False,False,False,False,False,False,False,False,False,False,True,True,True,False,True,False,False,False,True,False,False,False,False,False,False,False,False,False,False,False,False,False,True,False,False,False,True,False,True,False,False,False,False,True,True,False,False,True,True,False,False
f_classif_num_20,f_classif,20,0.8541860585375944,0.006360418047746489,0.85079701120797,0.03598565042833627,645,44,120,290,0.0010013580322265625,False,False,False,False,False,False,False,False,False,False,False,False,False,False,False,False,False,False,False,False,False,False,True,False,False,False,False,False,False,False,False,False,False,False,False,False,False,False,False,False,False,False,False,False,False,False,False,False,False,False,False,False,False,False,False,False,False,False,False,False,False,False,False,False,False,False,False,False,False,False,False,False,False,False,False,False,False,False,False,False,False,False,False,True,False,False,False,True,False,False,False,False,True,False,False,True,True,True,False,True,False,False,False,True,False,False,False,False,True,False,False,False,False,False,False,False,False,True,True,False,False,True,False,True,True,False,False,True,True,True,False,False,True,True,False,False
mutual_info_classif_num_20,mutual_info_classif,20,0.8717020891508946,0.005293188139141762,0.8580738895807389,0.02769197250927165,648,41,115,295,0.24077653884887695,False,False,False,False,False,False,False,False,False,False,False,False,False,False,False,False,False,False,False,False,False,True,True,False,False,False,False,False,False,False,False,False,False,False,False,False,False,False,False,False,False,False,False,False,False,False,False,False,False,False,False,False,False,False,False,False,False,False,False,False,False,False,False,False,False,False,False,False,False,False,False,False,False,False,False,False,False,False,False,False,False,False,False,True,False,False,False,True,False,False,False,False,False,False,False,True,True,True,False,True,False,False,False,True,False,False,False,False,True,False,False,False,False,False,False,False,False,True,True,False,False,True,False,True,True,False,False,True,True,True,False,False,True,True,False,False
sequential_feature_selector_num_20,sequential_feature_selector,20,0.9520007239631813,0.0037096748178304575,0.9545205479452055,0.01746086798436362,679,10,40,370,10.165863275527954,False,False,False,False,False,False,False,False,False,False,False,False,False,False,False,False,False,False,True,False,False,True,True,True,False,False,True,False,False,False,False,False,False,False,False,False,False,False,False,False,False,False,False,False,False,False,False,False,False,True,True,False,True,False,False,False,False,False,False,False,False,False,True,False,False,False,True,False,False,False,False,False,False,False,False,True,False,True,False,False,False,False,False,False,False,False,False,False,False,False,False,False,False,False,False,False,True,True,True,False,False,False,False,False,False,False,False,False,True,False,False,False,False,False,False,False,False,True,False,False,False,True,False,False,False,False,False,False,True,False,False,False,True,False,False,False
rfe_num_20,rfe,20,0.93471300031027,0.00302631242803608,0.928123702781237,0.031133751206708114,668,21,58,352,0.20601844787597656,False,False,False,False,False,False,False,True,False,False,False,False,False,False,False,False,False,False,True,False,False,True,True,True,False,False,True,False,False,False,False,False,False,False,False,False,False,False,False,False,False,False,False,False,False,False,False,False,True,False,False,False,False,False,False,False,False,False,False,False,False,False,False,False,False,False,False,False,False,False,False,False,False,False,False,True,False,True,False,False,False,False,False,False,False,False,False,False,False,False,False,False,False,False,False,True,True,False,False,False,False,False,False,False,False,False,False,False,True,False,False,False,False,False,False,False,False,True,False,False,False,True,False,True,False,False,False,True,True,True,False,False,True,True,False,False
lasso_regularization_num_20,lasso_regularization,20,0.9385799979315337,0.004613870999268319,0.9308675799086759,0.020157108355642134,669,20,56,354,0.06687283515930176,False,False,False,False,False,False,False,True,False,True,False,False,False,False,False,False,False,False,True,False,False,True,True,False,False,False,True,False,False,False,False,False,False,False,False,False,False,False,False,False,False,False,False,False,False,False,False,False,False,False,False,False,False,False,False,False,False,False,False,False,False,False,False,False,False,False,False,False,False,True,False,False,False,False,False,True,False,True,False,False,False,False,False,True,False,False,False,False,False,False,False,False,False,False,False,False,True,False,False,False,False,False,False,False,False,False,False,False,True,False,False,False,False,False,False,False,False,True,False,False,False,True,False,False,False,False,False,False,True,False,False,False,True,True,False,False
random_forest_classifier_num_20,random_forest_classifier,20,0.9228852518357638,0.006560813308905269,0.9181361560813617,0.03666346966801072,667,22,68,342,0.3548104763031006,False,False,False,False,False,False,False,False,False,False,False,False,False,False,False,False,False,False,False,False,False,True,True,False,False,False,False,False,False,False,False,False,False,False,False,False,False,False,False,False,False,False,False,False,False,False,False,False,False,False,False,False,False,False,False,False,False,False,False,False,False,False,False,False,False,False,False,False,False,False,False,False,False,False,False,True,False,True,False,False,False,False,False,False,False,False,False,False,False,False,False,False,False,False,False,True,True,True,False,True,False,False,False,True,False,False,False,False,True,False,False,False,False,False,False,False,False,True,False,False,False,True,False,True,False,False,False,True,True,True,False,False,True,True,False,False
f_classif_num_25,f_classif,25,0.8655608129072293,0.005833722257985765,0.8599086757990868,0.03676146229839129,651,38,116,294,0.0009982585906982422,False,False,False,False,False,False,False,False,False,False,False,False,False,False,False,False,False,False,False,False,False,False,True,False,False,False,False,False,False,False,False,False,False,False,False,False,False,False,False,False,False,False,False,False,False,False,False,False,False,False,False,False,True,True,False,False,False,False,False,False,False,False,False,False,True,False,False,False,False,True,False,False,False,False,False,False,True,False,False,False,False,False,False,True,False,False,False,True,False,False,False,False,True,False,False,True,True,True,False,True,False,False,False,True,False,False,False,False,True,False,False,False,False,False,False,False,False,True,True,False,False,True,False,True,True,False,False,True,True,True,False,False,True,True,False,False
mutual_info_classif_num_25,mutual_info_classif,25,0.8823937325473162,0.004623569076039169,0.8689912826899129,0.027102312503254365,650,39,105,305,0.22717976570129395,False,False,False,False,False,False,False,False,False,False,False,False,False,False,False,False,False,False,False,False,False,True,True,True,False,False,False,False,False,False,False,False,False,False,False,False,False,False,False,False,False,False,False,False,False,False,False,False,True,False,False,False,True,False,False,False,False,False,False,False,False,False,False,False,False,False,False,False,False,True,False,False,False,False,False,False,False,False,False,False,False,False,False,True,False,False,False,True,False,False,False,False,True,False,False,True,True,True,False,True,False,False,False,True,False,False,False,False,True,False,False,False,False,False,False,False,False,True,True,False,False,True,False,True,True,False,False,True,True,True,False,False,True,True,False,False
sequential_feature_selector_num_25,sequential_feature_selector,25,0.9520007239631813,0.0037096748178304575,0.9527023661270236,0.017832960545231712,679,10,42,368,12.258005380630493,False,False,False,False,False,False,False,False,False,False,False,False,False,False,False,False,False,False,True,False,False,True,True,True,False,False,True,True,True,False,True,False,False,False,False,False,False,False,False,False,False,False,False,False,False,False,False,False,False,True,True,True,True,False,False,False,True,False,False,False,False,False,True,False,False,False,True,False,False,False,False,False,False,False,False,True,False,True,False,False,False,False,False,False,False,False,False,False,False,False,False,False,False,False,False,False,True,True,True,False,False,False,False,False,False,False,False,False,True,False,False,False,False,False,False,False,False,True,False,False,False,True,False,False,False,False,False,False,True,False,False,False,True,False,False,False
rfe_num_25,rfe,25,0.9374428586203332,0.005141546054484449,0.9272229140722292,0.032241601237536846,665,24,56,354,0.18806242942810059,False,False,False,False,False,False,False,True,False,True,False,False,False,False,False,False,False,False,True,False,False,True,True,True,False,False,True,False,False,False,False,False,False,False,False,False,False,False,False,False,False,False,False,False,False,False,False,False,True,False,False,False,False,True,False,False,False,False,False,False,False,False,False,False,False,False,False,False,False,False,False,False,False,False,False,True,False,True,False,False,False,False,False,True,False,False,False,False,False,False,False,False,False,False,False,True,True,True,False,False,False,False,False,False,False,False,False,False,True,False,False,False,False,False,False,False,False,True,False,False,False,True,False,True,True,False,False,True,True,True,False,False,True,True,False,False
lasso_regularization_num_25,lasso_regularization,25,0.9385799979315337,0.004613870999268319,0.9308675799086759,0.020157108355642134,669,20,56,354,0.06734585762023926,False,False,False,False,False,False,False,True,False,True,False,False,False,False,False,False,False,False,True,False,False,True,True,False,False,False,True,False,False,False,False,False,False,False,False,False,False,False,False,False,False,False,False,False,False,False,False,False,False,False,False,False,False,False,False,False,False,False,False,False,False,False,False,False,False,False,False,False,False,True,False,False,False,False,False,True,False,True,False,False,False,False,False,True,False,False,False,False,False,False,False,False,False,False,False,False,True,False,False,False,False,False,False,False,False,False,False,False,True,False,False,False,False,False,False,False,False,True,False,False,False,True,False,False,False,False,False,False,True,False,False,False,True,True,False,False
random_forest_classifier_num_25,random_forest_classifier,25,0.9228852518357638,0.006560813308905269,0.9181361560813617,0.03666346966801072,667,22,68,342,0.3274087905883789,False,False,False,False,False,False,False,False,False,False,False,False,False,False,False,False,False,False,False,False,False,True,True,False,False,False,False,False,False,False,False,False,False,False,False,False,False,False,False,False,False,False,False,False,False,False,False,False,False,False,False,False,False,False,False,False,False,False,False,False,False,False,False,False,False,False,False,False,False,False,False,False,False,False,False,True,False,True,False,False,False,False,False,False,False,False,False,False,False,False,False,False,False,False,False,True,True,True,False,True,False,False,False,True,False,False,False,False,True,False,False,False,False,False,False,False,False,True,False,False,False,True,False,True,False,False,False,True,True,True,False,False,True,True,False,False
f_classif_num_30,f_classif,30,0.8819389285344916,0.005238994826366756,0.87173100871731,0.030520724164889435,650,39,102,308,0.002002239227294922,False,False,False,False,False,False,False,False,False,False,False,False,False,False,False,False,False,False,False,False,False,False,True,False,False,False,False,False,False,False,False,False,False,False,False,False,False,False,False,False,False,False,False,False,False,False,False,False,True,True,True,False,True,True,False,False,False,False,False,True,False,False,False,False,True,False,False,False,False,True,False,False,False,False,False,False,True,False,False,False,False,False,False,True,False,True,False,True,False,False,False,False,True,False,False,True,True,True,False,True,False,False,False,True,False,False,False,False,True,False,False,False,False,False,False,False,False,True,True,False,False,True,False,True,True,False,False,True,True,True,False,False,True,True,False,False
mutual_info_classif_num_30,mutual_info_classif,30,0.8980908056675976,0.006101342892627151,0.892656704026567,0.029046853220637426,657,32,86,324,0.22823286056518555,False,False,False,False,False,False,False,False,False,False,False,False,False,False,False,False,False,False,False,False,False,True,True,True,False,False,False,False,False,False,False,False,False,False,False,False,False,False,False,False,False,False,False,False,False,False,False,False,True,True,False,False,True,True,False,False,False,False,False,False,False,False,False,False,False,False,False,True,False,True,False,False,False,False,False,False,True,False,False,False,False,False,False,True,False,True,False,True,False,False,False,False,True,False,False,True,True,True,False,True,False,False,False,True,False,False,False,False,True,False,False,False,False,False,False,False,False,True,True,False,False,True,False,True,True,False,False,True,True,True,False,False,True,True,False,False
sequential_feature_selector_num_30,sequential_feature_selector,30,0.9517731926776296,0.00412018548946094,0.9517932752179327,0.017831690808223024,676,13,40,370,14.333323955535889,False,False,False,False,False,False,False,False,False,False,False,False,False,False,False,False,False,False,True,False,False,True,True,True,False,False,True,True,True,False,True,True,False,False,False,True,False,False,False,False,False,False,False,False,False,False,False,False,False,True,True,True,True,False,False,False,True,False,True,False,False,False,True,True,False,True,True,False,False,False,False,False,False,False,False,True,False,True,False,False,False,False,False,False,False,False,False,False,False,False,False,False,False,False,False,False,True,True,True,False,False,False,False,False,False,False,False,False,True,False,False,False,False,False,False,False,False,True,False,False,False,True,False,False,False,False,False,False,True,False,False,False,True,False,False,False
rfe_num_30,rfe,30,0.9424485469024718,0.0062059286325241835,0.934508094645081,0.03381754126234316,666,23,49,361,0.16962552070617676,False,False,False,False,False,False,False,True,False,True,False,False,False,False,False,False,False,False,True,False,False,True,True,True,False,False,True,False,False,False,False,False,False,False,False,False,False,False,False,False,False,False,False,False,False,False,False,False,True,True,False,False,False,True,False,False,False,False,False,False,False,False,False,False,True,False,False,False,False,False,False,False,False,False,False,True,False,True,False,False,False,False,False,True,False,False,False,False,False,False,False,False,False,False,False,True,True,True,False,True,False,False,False,True,False,False,False,False,True,False,False,False,False,False,False,False,False,True,True,False,False,True,False,True,True,False,False,True,True,True,False,False,True,True,False,False
lasso_regularization_num_30,lasso_regularization,30,0.9385799979315337,0.004613870999268319,0.9308675799086759,0.020157108355642134,669,20,56,354,0.06813240051269531,False,False,False,False,False,False,False,True,False,True,False,False,False,False,False,False,False,False,True,False,False,True,True,False,False,False,True,False,False,False,False,False,False,False,False,False,False,False,False,False,False,False,False,False,False,False,False,False,False,False,False,False,False,False,False,False,False,False,False,False,False,False,False,False,False,False,False,False,False,True,False,False,False,False,False,True,False,True,False,False,False,False,False,True,False,False,False,False,False,False,False,False,False,False,False,False,True,False,False,False,False,False,False,False,False,False,False,False,True,False,False,False,False,False,False,False,False,True,False,False,False,True,False,False,False,False,False,False,True,False,False,False,True,True,False,False
random_forest_classifier_num_30,random_forest_classifier,30,0.9228852518357638,0.006560813308905269,0.9181361560813617,0.03666346966801072,667,22,68,342,0.19461870193481445,False,False,False,False,False,False,False,False,False,False,False,False,False,False,False,False,False,False,False,False,False,True,True,False,False,False,False,False,False,False,False,False,False,False,False,False,False,False,False,False,False,False,False,False,False,False,False,False,False,False,False,False,False,False,False,False,False,False,False,False,False,False,False,False,False,False,False,False,False,False,False,False,False,False,False,True,False,True,False,False,False,False,False,False,False,False,False,False,False,False,False,False,False,False,False,True,True,True,False,True,False,False,False,True,False,False,False,False,True,False,False,False,False,False,False,False,False,True,False,False,False,True,False,True,False,False,False,True,True,True,False,False,True,True,False,False
